player,game,date,series,series_game,team,opp,result,mp,fg,fga,fgp,three,threeatt,threep,ft,fta,ftp,orb,drb,trb,ast,stl,blk,tov,pts,game_score,plus_minus
James,1,4/22/2006,EC1,1,CLE,WAS,W (+11),48,12,27,0.444,1,4,0.25,7,11,0.636,3,8,11,11,0,0,4,32,23.3,11
James,2,4/25/2006,EC1,2,CLE,WAS,L (-5),43,7,25,0.28,1,6,0.167,11,15,0.733,2,7,9,2,2,3,10,26,6.7,-2
James,3,4/28/2006,EC1,3,CLE,WAS,W (+1),48,16,28,0.571,3,5,0.6,6,9,0.667,1,4,5,3,2,0,4,41,27.4,1
James,4,4/30/2006,EC1,4,CLE,WAS,L (-10),45,13,23,0.565,7,12,0.583,5,7,0.714,1,5,6,5,0,0,7,38,23,-16
James,5,5/3/2006,EC1,5,CLE,WAS,W (+1),46,14,23,0.609,0,1,0,17,18,0.944,5,2,7,6,2,0,4,45,38.4,-4
James,6,5/5/2006,EC1,6,CLE,WAS,W (+1),53,15,25,0.6,1,6,0.167,1,3,0.333,0,7,7,7,2,1,5,32,22.8,1
James,7,5/7/2006,ECS,1,CLE,DET,L (-27),36,9,18,0.5,2,5,0.4,2,2,1,1,3,4,4,0,0,4,22,12.2,-31
James,8,5/9/2006,ECS,2,CLE,DET,L (-6),48,11,23,0.478,2,5,0.4,6,8,0.75,2,12,14,7,0,0,3,30,22.8,-4
James,9,5/13/2006,ECS,3,CLE,DET,W (+9),48,9,18,0.5,1,4,0.25,2,2,1,0,10,10,10,4,1,4,21,21.9,9
James,10,5/15/2006,ECS,4,CLE,DET,W (+2),48,8,23,0.348,1,2,0.5,5,10,0.5,1,7,8,9,2,2,8,22,10.4,2
James,11,5/17/2006,ECS,5,CLE,DET,W (+2),47,13,30,0.433,1,4,0.25,5,7,0.714,3,2,5,5,2,1,2,32,21.1,2
James,12,5/19/2006,ECS,6,CLE,DET,L (-2),48,8,20,0.4,1,5,0.2,15,18,0.833,0,11,11,5,1,1,7,32,20.7,-2
James,13,5/21/2006,ECS,7,CLE,DET,L (-18),47,11,24,0.458,0,4,0,5,8,0.625,3,5,8,2,1,0,3,27,15.6,-16
James,1,4/22/2007,EC1,1,CLE,WAS,W (+15),44,7,14,0.5,0,2,0,9,11,0.818,2,7,9,7,2,0,1,23,24.2,17
James,2,4/25/2007,EC1,2,CLE,WAS,W (+7),45,8,22,0.364,0,3,0,11,13,0.846,4,4,8,7,1,2,2,27,22.5,12
James,3,4/28/2007,EC1,3,CLE,WAS,W (+6),46,11,22,0.5,3,5,0.6,5,7,0.714,0,6,6,9,1,0,2,30,24.1,6
James,4,4/30/2007,EC1,4,CLE,WAS,W (+7),46,8,22,0.364,1,5,0.2,14,17,0.824,3,8,11,7,3,1,2,31,27.5,12
James,5,5/6/2007,ECS,1,CLE,NJN,W (+4),46,8,21,0.381,1,4,0.25,4,6,0.667,2,9,11,7,1,1,3,21,15.6,6
James,6,5/8/2007,ECS,2,CLE,NJN,W (+10),46,12,24,0.5,3,7,0.429,9,13,0.692,0,1,1,12,3,0,2,36,31.3,8
James,7,5/12/2007,ECS,3,CLE,NJN,L (-11),44,5,16,0.313,1,5,0.2,7,7,1,0,6,6,12,0,0,2,18,16.2,-12
James,8,5/14/2007,ECS,4,CLE,NJN,W (+2),46,9,16,0.563,2,3,0.667,10,15,0.667,0,9,9,7,0,0,3,30,24.6,9
James,9,5/16/2007,ECS,5,CLE,NJN,L (-11),43,5,14,0.357,0,2,0,10,11,0.909,3,6,9,5,2,1,5,20,15.3,-15
James,10,5/18/2007,ECS,6,CLE,NJN,W (+16),39,8,20,0.4,1,5,0.2,6,9,0.667,1,7,8,8,1,0,2,23,16.8,26
James,11,5/21/2007,ECF,1,CLE,DET,L (-3),45,5,15,0.333,0,0,,0,0,,1,9,10,9,4,1,2,10,13.5,-5
James,12,5/24/2007,ECF,2,CLE,DET,L (-3),45,7,19,0.368,0,1,0,5,7,0.714,0,6,6,7,3,0,6,19,11,-6
James,13,5/27/2007,ECF,3,CLE,DET,W (+6),46,12,21,0.571,2,3,0.667,6,9,0.667,1,8,9,9,2,0,3,32,28.5,6
James,14,5/29/2007,ECF,4,CLE,DET,W (+4),44,8,19,0.421,1,5,0.2,8,9,0.889,0,7,7,11,3,0,3,25,24.3,-4
James,15,5/31/2007,ECF,5,CLE,DET,W (+2),50,18,33,0.545,2,3,0.667,10,14,0.714,3,6,9,7,2,0,2,48,38.1,2
James,16,6/2/2007,ECF,6,CLE,DET,W (+16),46,3,11,0.273,0,2,0,14,19,0.737,2,12,14,8,2,2,3,20,22.1,13
James,17,6/7/2007,FIN,1,CLE,SAS,L (-9),44,4,16,0.25,2,6,0.333,4,4,1,1,6,7,4,1,1,6,14,5,-5
James,18,6/10/2007,FIN,2,CLE,SAS,L (-11),38,9,21,0.429,0,2,0,7,11,0.636,3,4,7,6,1,0,6,25,13.6,-5
James,19,6/12/2007,FIN,3,CLE,SAS,L (-3),42,9,23,0.391,0,5,0,7,8,0.875,0,8,8,7,2,1,5,25,15.9,4
James,20,6/14/2007,FIN,4,CLE,SAS,L (-1),46,10,30,0.333,2,7,0.286,2,6,0.333,0,6,6,10,0,0,6,24,7.8,2
James,1,4/19/2008,EC1,1,CLE,WAS,W (+7),41,12,19,0.632,0,2,0,8,14,0.571,0,6,6,4,1,2,1,32,26.7,9
James,2,4/21/2008,EC1,2,CLE,WAS,W (+30),39,9,19,0.474,2,6,0.333,10,17,0.588,1,8,9,12,1,2,1,30,29.6,34
James,3,4/24/2008,EC1,3,CLE,WAS,L (-36),36,10,19,0.526,0,4,0,2,4,0.5,0,7,7,3,1,1,4,22,12.6,-24
James,4,4/27/2008,EC1,4,CLE,WAS,W (+3),44,11,25,0.44,3,8,0.375,9,14,0.643,2,10,12,7,2,0,5,34,23.2,3
James,5,4/30/2008,EC1,5,CLE,WAS,L (-1),44,8,21,0.381,3,9,0.333,15,18,0.833,2,8,10,7,1,2,5,34,27.4,-3
James,6,5/2/2008,EC1,6,CLE,WAS,W (+17),44,8,17,0.471,1,2,0.5,10,10,1,2,11,13,13,2,1,1,27,33,26
James,7,5/6/2008,ECS,1,CLE,BOS,L (-4),39,2,18,0.111,0,6,0,8,10,0.8,2,7,9,9,1,1,10,12,-0.7,-7
James,8,5/8/2008,ECS,2,CLE,BOS,L (-16),42,6,24,0.25,0,4,0,9,13,0.692,2,3,5,6,2,1,7,21,6.8,-15
James,9,5/10/2008,ECS,3,CLE,BOS,W (+24),40,5,16,0.313,3,5,0.6,8,12,0.667,0,5,5,8,4,3,2,21,20.2,29
James,10,5/12/2008,ECS,4,CLE,BOS,W (+11),44,7,20,0.35,2,5,0.4,5,8,0.625,1,5,6,13,3,2,4,21,19.1,15
James,11,5/14/2008,ECS,5,CLE,BOS,L (-7),45,12,25,0.48,0,5,0,11,13,0.846,0,3,3,5,1,1,4,35,22.4,-8
James,12,5/16/2008,ECS,6,CLE,BOS,W (+5),47,9,23,0.391,1,3,0.333,13,15,0.867,3,9,12,6,2,1,8,32,21.6,7
James,13,5/18/2008,ECS,7,CLE,BOS,L (-5),47,14,29,0.483,3,11,0.273,14,19,0.737,1,4,5,6,2,0,2,45,32.8,0
James,1,4/18/2009,EC1,1,CLE,DET,W (+18),41,13,20,0.65,1,4,0.25,11,14,0.786,0,8,8,7,1,0,0,38,35.9,22
James,2,4/21/2009,EC1,2,CLE,DET,W (+12),38,7,14,0.5,2,5,0.4,13,17,0.765,1,12,13,6,0,0,2,29,26.5,21
James,3,4/24/2009,EC1,3,CLE,DET,W (+11),43,9,19,0.474,0,5,0,7,11,0.636,2,9,11,9,3,2,2,25,26.5,13
James,4,4/26/2009,EC1,4,CLE,DET,W (+21),41,10,24,0.417,0,3,0,16,17,0.941,1,12,13,8,2,1,2,36,32.2,10
James,5,5/5/2009,ECS,1,CLE,ATL,W (+27),34,12,20,0.6,2,6,0.333,8,9,0.889,3,7,10,3,4,0,3,34,31.7,13
James,6,5/7/2009,ECS,2,CLE,ATL,W (+20),31,9,14,0.643,3,5,0.6,6,12,0.5,0,3,3,5,4,1,0,27,27.1,23
James,7,5/9/2009,ECS,3,CLE,ATL,W (+15),43,15,25,0.6,5,10,0.5,12,16,0.75,2,10,12,8,1,1,1,47,43.8,26
James,8,5/11/2009,ECS,4,CLE,ATL,W (+10),43,9,22,0.409,3,6,0.5,6,9,0.667,0,8,8,8,1,0,3,27,18.8,1
James,9,5/20/2009,ECF,1,CLE,ORL,L (-1),41,20,30,0.667,3,6,0.5,6,10,0.6,3,3,6,8,2,3,2,49,44.7,7
James,10,5/22/2009,ECF,2,CLE,ORL,W (+1),43,12,23,0.522,1,3,0.333,10,12,0.833,2,2,4,5,1,0,6,35,22.2,-7
James,11,5/24/2009,ECF,3,CLE,ORL,L (-10),42,11,28,0.393,1,8,0.125,18,24,0.75,0,7,7,9,2,1,2,41,31.3,-12
James,12,5/26/2009,ECF,4,CLE,ORL,L (-2),49,13,29,0.448,4,10,0.4,14,18,0.778,1,11,12,7,1,1,8,44,27.9,6
James,13,5/28/2009,ECF,5,CLE,ORL,W (+10),46,11,24,0.458,0,2,0,15,19,0.789,3,11,14,12,1,1,4,37,33.3,11
James,14,5/30/2009,ECF,6,CLE,ORL,L (-13),45,8,20,0.4,2,8,0.25,7,11,0.636,1,6,7,7,0,1,3,25,16.1,-12
James,1,4/17/2010,EC1,1,CLE,CHI,W (+13),40,9,19,0.474,0,1,0,6,7,0.857,0,6,6,5,1,4,3,24,19.2,19
James,2,4/19/2010,EC1,2,CLE,CHI,W (+10),41,16,23,0.696,2,4,0.5,6,6,1,1,7,8,8,1,2,2,40,38.3,6
James,3,4/22/2010,EC1,3,CLE,CHI,L (-2),44,14,26,0.538,4,8,0.5,7,13,0.538,2,8,10,8,2,3,5,39,31.3,5
James,4,4/25/2010,EC1,4,CLE,CHI,W (+23),36,11,17,0.647,6,9,0.667,9,10,0.9,0,12,12,11,2,1,2,37,39.9,29
James,5,4/27/2010,EC1,5,CLE,CHI,W (+2),43,5,12,0.417,1,2,0.5,8,14,0.571,3,7,10,9,0,2,3,19,18.7,1
James,6,5/1/2010,ECS,1,CLE,BOS,W (+8),43,12,24,0.5,3,6,0.5,8,11,0.727,2,5,7,7,3,2,2,35,31.6,7
James,7,5/3/2010,ECS,2,CLE,BOS,L (-18),41,7,15,0.467,0,4,0,10,15,0.667,0,7,7,4,3,2,5,24,18.2,-16
James,8,5/7/2010,ECS,3,CLE,BOS,W (+29),39,14,22,0.636,2,3,0.667,8,9,0.889,2,6,8,7,1,2,1,38,36.9,30
James,9,5/9/2010,ECS,4,CLE,BOS,L (-10),43,7,18,0.389,0,5,0,8,11,0.727,1,8,9,8,2,1,7,22,13.8,-10
James,10,5/11/2010,ECS,5,CLE,BOS,L (-32),42,3,14,0.214,0,4,0,9,12,0.75,1,5,6,7,1,0,3,15,9.1,-22
James,11,5/13/2010,ECS,6,CLE,BOS,L (-9),46,8,21,0.381,2,4,0.5,9,12,0.75,3,16,19,10,3,1,9,27,22.1,-5
James,1,4/16/2011,EC1,1,MIA,PHI,W (+8),43,4,14,0.286,0,2,0,13,14,0.929,4,10,14,5,1,3,2,21,21.6,4
James,2,4/18/2011,EC1,2,MIA,PHI,W (+21),39,10,19,0.526,1,1,1,8,10,0.8,1,6,7,6,0,0,0,29,25.2,24
James,3,4/21/2011,EC1,3,MIA,PHI,W (+6),44,8,15,0.533,1,4,0.25,7,10,0.7,1,14,15,6,1,0,1,24,24.2,8
James,4,4/24/2011,EC1,4,MIA,PHI,L (-4),44,11,20,0.55,0,4,0,9,11,0.818,2,5,7,6,1,1,1,31,27.6,-4
James,5,4/27/2011,EC1,5,MIA,PHI,W (+6),42,5,13,0.385,2,5,0.4,4,5,0.8,3,7,10,8,1,0,3,16,15.5,5
James,6,5/1/2011,ECS,1,MIA,BOS,W (+9),40,8,19,0.421,1,3,0.333,5,9,0.556,1,5,6,5,2,2,3,22,15.6,1
James,7,5/3/2011,ECS,2,MIA,BOS,W (+11),44,14,25,0.56,2,4,0.5,5,8,0.625,2,5,7,2,1,1,0,35,26.7,10
James,8,5/7/2011,ECS,3,MIA,BOS,L (-16),43,6,16,0.375,0,3,0,3,7,0.429,2,5,7,4,2,5,4,15,10.6,-21
James,9,5/9/2011,ECS,4,MIA,BOS,W (+8),50,12,28,0.429,2,6,0.333,9,9,1,3,11,14,3,3,0,5,35,24.5,7
James,10,5/11/2011,ECS,5,MIA,BOS,W (+10),46,11,20,0.55,5,7,0.714,6,9,0.667,2,5,7,4,1,1,5,33,24.2,14
James,11,5/15/2011,ECF,1,MIA,CHI,L (-21),41,5,15,0.333,1,3,0.333,4,4,1,1,5,6,6,2,3,4,15,12.2,-14
James,12,5/18/2011,ECF,2,MIA,CHI,W (+10),46,12,21,0.571,2,6,0.333,3,7,0.429,3,7,10,5,3,0,5,29,22,8
James,13,5/22/2011,ECF,3,MIA,CHI,W (+11),44,6,13,0.462,1,2,0.5,9,9,1,1,5,6,10,2,2,0,22,26.3,16
James,14,5/24/2011,ECF,4,MIA,CHI,W (+8),49,11,26,0.423,0,1,0,13,13,1,2,4,6,6,2,2,5,35,24.8,-1
James,15,5/26/2011,ECF,5,MIA,CHI,W (+3),46,8,19,0.421,3,6,0.5,9,11,0.818,0,11,11,6,3,2,4,28,24.2,8
James,16,5/31/2011,FIN,1,MIA,DAL,W (+8),45,9,16,0.563,4,5,0.8,2,2,1,0,9,9,5,1,0,1,24,21,9
James,17,6/2/2011,FIN,2,MIA,DAL,L (-2),40,8,15,0.533,2,7,0.286,2,4,0.5,1,7,8,4,4,1,5,20,15.6,-5
James,18,6/5/2011,FIN,3,MIA,DAL,W (+2),45,6,14,0.429,1,4,0.25,4,4,1,0,3,3,9,2,0,4,17,13.6,1
James,19,6/7/2011,FIN,4,MIA,DAL,L (-3),46,3,11,0.273,0,3,0,2,4,0.5,3,6,9,7,2,0,4,8,5.9,-6
James,20,6/9/2011,FIN,5,MIA,DAL,L (-9),46,8,19,0.421,0,4,0,1,2,0.5,1,9,10,10,0,1,4,17,12.4,-11
James,21,6/12/2011,FIN,6,MIA,DAL,L (-10),40,9,15,0.6,2,5,0.4,1,4,0.25,1,3,4,6,1,1,6,21,13.6,-24
James,1,4/28/2012,EC1,1,MIA,NYK,W (+33),32,10,14,0.714,1,1,1,11,14,0.786,1,3,4,3,4,0,2,32,29.9,35
James,2,4/30/2012,EC1,2,MIA,NYK,W (+10),41,8,18,0.444,0,3,0,3,7,0.429,1,6,7,9,2,0,2,19,16.4,10
James,3,5/3/2012,EC1,3,MIA,NYK,W (+17),36,9,21,0.429,2,5,0.4,12,13,0.923,2,6,8,5,2,0,8,32,19.2,23
James,4,5/6/2012,EC1,4,MIA,NYK,L (-2),41,9,21,0.429,2,5,0.4,7,8,0.875,0,4,4,4,1,0,5,27,13.9,-7
James,5,5/9/2012,EC1,5,MIA,NYK,W (+12),40,7,16,0.438,2,6,0.333,13,15,0.867,1,7,8,7,2,1,4,29,25.4,6
James,6,5/13/2012,ECS,1,MIA,IND,W (+9),43,12,26,0.462,0,3,0,8,10,0.8,6,9,15,5,2,1,1,32,29.5,12
James,7,5/15/2012,ECS,2,MIA,IND,L (-3),43,10,22,0.455,0,4,0,8,13,0.615,4,5,9,5,6,0,2,28,26.4,-7
James,8,5/17/2012,ECS,3,MIA,IND,L (-19),40,10,22,0.455,1,4,0.25,1,3,0.333,1,6,7,3,2,0,4,22,12,-9
James,9,5/20/2012,ECS,4,MIA,IND,W (+8),44,14,27,0.519,0,0,,12,16,0.75,6,12,18,9,2,2,5,40,37.2,4
James,10,5/22/2012,ECS,5,MIA,IND,W (+32),38,12,19,0.632,2,4,0.5,4,4,1,3,7,10,8,1,1,4,30,28.6,28
James,11,5/24/2012,ECS,6,MIA,IND,W (+12),45,12,23,0.522,0,3,0,4,5,0.8,1,5,6,7,3,0,1,28,25,16
James,12,5/28/2012,ECF,1,MIA,BOS,W (+14),44,13,22,0.591,0,3,0,6,9,0.667,1,12,13,3,1,3,3,32,26.3,17
James,13,5/30/2012,ECF,2,MIA,BOS,W (+4),48,7,20,0.35,2,6,0.333,18,24,0.75,4,6,10,7,1,1,1,34,29.8,10
James,14,6/1/2012,ECF,3,MIA,BOS,L (-10),43,16,26,0.615,1,4,0.25,1,5,0.2,0,8,8,5,2,2,3,34,25.3,-6
James,15,6/3/2012,ECF,4,MIA,BOS,L (-2),48,12,25,0.48,1,3,0.333,4,8,0.5,1,5,6,3,1,1,7,29,11.3,1
James,16,6/5/2012,ECF,5,MIA,BOS,L (-4),45,11,25,0.44,2,6,0.333,6,8,0.75,3,10,13,2,2,1,3,30,21.9,0
James,17,6/7/2012,ECF,6,MIA,BOS,W (+19),45,19,26,0.731,2,4,0.5,5,9,0.556,2,13,15,5,0,0,4,45,36.4,22
James,18,6/9/2012,ECF,7,MIA,BOS,W (+13),48,9,21,0.429,1,5,0.2,12,17,0.706,2,10,12,2,1,1,3,31,22.4,13
James,19,6/12/2012,FIN,1,MIA,OKC,L (-11),46,11,24,0.458,1,3,0.333,7,9,0.778,1,8,9,4,4,0,4,30,22.3,-11
James,20,6/14/2012,FIN,2,MIA,OKC,W (+4),42,10,22,0.455,0,2,0,12,12,1,2,6,8,5,1,0,2,32,24.7,6
James,21,6/17/2012,FIN,3,MIA,OKC,W (+6),44,11,23,0.478,1,4,0.25,6,8,0.75,5,9,14,3,0,0,4,29,20.4,8
James,22,6/19/2012,FIN,4,MIA,OKC,W (+6),44,10,20,0.5,1,4,0.25,5,8,0.625,3,6,9,12,2,0,3,26,25.3,8
James,23,6/21/2012,FIN,5,MIA,OKC,W (+15),44,9,19,0.474,0,3,0,8,9,0.889,4,7,11,13,1,2,6,26,25.5,20
James,1,4/21/2013,EC1,1,MIA,MIL,W (+23),35,9,11,0.818,1,2,0.5,8,11,0.727,2,8,10,8,0,0,5,27,25.3,14
James,2,4/23/2013,EC1,2,MIA,MIL,W (+12),39,6,14,0.429,0,3,0,7,8,0.875,1,7,8,6,1,0,4,19,14.4,13
James,3,4/25/2013,EC1,3,MIA,MIL,W (+13),33,9,14,0.643,2,4,0.5,2,4,0.5,0,5,5,6,0,0,5,22,14.9,14
James,4,4/28/2013,EC1,4,MIA,MIL,W (+11),41,13,20,0.65,0,2,0,4,7,0.571,2,6,8,7,3,1,5,30,25.6,16
James,5,5/6/2013,ECS,1,MIA,CHI,L (-7),44,8,17,0.471,1,3,0.333,7,9,0.778,2,6,8,7,2,1,2,24,22.5,-15
James,6,5/8/2013,ECS,2,MIA,CHI,W (+37),32,7,12,0.583,1,3,0.333,4,8,0.5,0,5,5,9,3,0,3,19,19.2,25
James,7,5/10/2013,ECS,3,MIA,CHI,W (+10),44,6,17,0.353,2,4,0.5,11,11,1,0,8,8,7,2,0,1,25,23.8,7
James,8,5/13/2013,ECS,4,MIA,CHI,W (+23),43,9,20,0.45,1,4,0.25,8,9,0.889,0,7,7,8,2,0,5,27,20.9,27
James,9,5/15/2013,ECS,5,MIA,CHI,W (+3),44,5,14,0.357,1,3,0.333,12,15,0.8,0,7,7,8,2,0,2,23,20.5,4
James,10,5/22/2013,ECF,1,MIA,IND,W (+1),47,12,24,0.5,2,6,0.333,4,7,0.571,3,7,10,10,0,3,4,30,24.1,3
James,11,5/24/2013,ECF,2,MIA,IND,L (-4),45,14,20,0.7,3,7,0.429,5,7,0.714,4,4,8,3,3,1,5,36,30.4,-7
James,12,5/26/2013,ECF,3,MIA,IND,W (+18),41,8,17,0.471,0,1,0,6,6,1,0,4,4,3,0,0,0,22,16.6,22
James,13,5/28/2013,ECF,4,MIA,IND,L (-7),43,8,18,0.444,4,7,0.571,4,6,0.667,4,2,6,5,1,3,2,24,19.4,-3
James,14,5/30/2013,ECF,5,MIA,IND,W (+11),44,13,26,0.5,3,7,0.429,1,4,0.25,0,8,8,6,2,1,3,30,21.7,14
James,15,6/1/2013,ECF,6,MIA,IND,L (-14),42,10,21,0.476,2,4,0.5,7,8,0.875,0,7,7,6,2,1,4,29,22.1,-22
James,16,6/3/2013,ECF,7,MIA,IND,W (+23),41,8,17,0.471,1,2,0.5,15,16,0.938,2,6,8,4,2,1,2,32,29.2,21
James,17,6/6/2013,FIN,1,MIA,SAS,L (-4),42,7,16,0.438,1,5,0.2,3,4,0.75,2,16,18,10,0,0,2,18,20.4,-3
James,18,6/9/2013,FIN,2,MIA,SAS,W (+19),41,7,17,0.412,1,3,0.333,2,2,1,1,7,8,7,3,3,2,17,17.9,29
James,19,6/11/2013,FIN,3,MIA,SAS,L (-36),39,7,21,0.333,1,5,0.2,0,0,,1,10,11,5,2,0,2,15,10.3,-32
James,20,6/13/2013,FIN,4,MIA,SAS,W (+16),41,15,25,0.6,1,2,0.5,2,4,0.5,3,8,11,4,2,2,1,33,29.6,8
James,21,6/16/2013,FIN,5,MIA,SAS,L (-10),44,8,22,0.364,2,4,0.5,7,9,0.778,3,3,6,8,4,0,3,25,21.2,-9
James,22,6/18/2013,FIN,6,MIA,SAS,W (+3),50,11,26,0.423,1,5,0.2,9,12,0.75,4,6,10,11,3,1,6,32,25.8,-1
James,23,6/20/2013,FIN,7,MIA,SAS,W (+7),45,12,23,0.522,5,10,0.5,8,8,1,3,9,12,4,2,0,2,37,32.5,8
James,1,4/20/2014,EC1,1,MIA,CHA,W (+11),39,8,16,0.5,4,8,0.5,7,10,0.7,0,9,9,1,0,0,3,27,17.8,0
James,2,4/23/2014,EC1,2,MIA,CHA,W (+4),40,11,17,0.647,1,5,0.2,9,12,0.75,0,6,6,8,4,0,4,32,29.9,6
James,3,4/26/2014,EC1,3,MIA,CHA,W (+13),36,10,18,0.556,1,2,0.5,9,10,0.9,0,10,10,6,2,0,2,30,27.8,20
James,4,4/28/2014,EC1,4,MIA,CHA,W (+11),43,10,19,0.526,1,5,0.2,10,12,0.833,0,7,7,9,3,1,2,31,29.8,12
James,5,5/6/2014,ECS,1,MIA,BRK,W (+21),36,10,15,0.667,0,0,,2,2,1,1,4,5,3,0,0,1,22,17.7,10
James,6,5/8/2014,ECS,2,MIA,BRK,W (+12),39,9,18,0.5,0,3,0,4,6,0.667,0,4,4,3,2,1,2,22,15.4,6
James,7,5/10/2014,ECS,3,MIA,BRK,L (-14),40,8,15,0.533,3,7,0.429,9,10,0.9,0,8,8,5,1,1,2,28,25.1,-14
James,8,5/12/2014,ECS,4,MIA,BRK,W (+6),43,16,24,0.667,3,6,0.5,14,19,0.737,0,6,6,2,3,0,1,49,39.8,13
James,9,5/14/2014,ECS,5,MIA,BRK,W (+2),44,6,14,0.429,2,5,0.4,15,17,0.882,2,7,9,5,0,1,5,29,23.1,4
James,10,5/18/2014,ECF,1,MIA,IND,L (-11),41,11,18,0.611,1,5,0.2,2,2,1,1,9,10,5,3,0,4,25,21.5,-13
James,11,5/20/2014,ECF,2,MIA,IND,W (+4),42,9,18,0.5,1,5,0.2,3,6,0.5,0,7,7,6,2,3,3,22,18,4
James,12,5/24/2014,ECF,3,MIA,IND,W (+12),40,9,14,0.643,1,2,0.5,7,9,0.778,1,4,5,7,3,0,6,26,22,24
James,13,5/26/2014,ECF,4,MIA,IND,W (+12),36,13,21,0.619,2,3,0.667,4,4,1,0,10,10,5,2,0,2,32,27.8,10
James,14,5/28/2014,ECF,5,MIA,IND,L (-3),24,2,10,0.2,1,3,0.333,2,3,0.667,1,1,2,4,0,1,3,7,-0.1,1
James,15,5/30/2014,ECF,6,MIA,IND,W (+25),32,8,12,0.667,0,0,,9,9,1,1,3,4,6,1,1,2,25,24.9,27
James,16,6/5/2014,FIN,1,MIA,SAS,L (-15),33,9,17,0.529,2,3,0.667,5,6,0.833,3,3,6,3,3,0,4,25,20,0
James,17,6/8/2014,FIN,2,MIA,SAS,W (+2),38,14,22,0.636,3,3,1,4,5,0.8,2,8,10,3,2,0,4,35,27.5,11
James,18,6/10/2014,FIN,3,MIA,SAS,L (-19),40,9,14,0.643,2,4,0.5,2,3,0.667,1,4,5,7,5,0,7,22,18.2,-21
James,19,6/12/2014,FIN,4,MIA,SAS,L (-21),38,10,17,0.588,4,8,0.5,4,6,0.667,0,8,8,2,0,0,3,28,20.1,-21
James,20,6/15/2014,FIN,5,MIA,SAS,L (-17),41,10,21,0.476,3,9,0.333,8,9,0.889,1,9,10,5,0,2,1,31,26.8,-16
James,1,4/19/2015,EC1,1,CLE,BOS,W (+13),42,8,18,0.444,1,3,0.333,3,4,0.75,0,6,6,7,2,1,5,20,13.8,3
James,2,4/21/2015,EC1,2,CLE,BOS,W (+8),42,11,22,0.5,1,5,0.2,7,8,0.875,1,8,9,7,0,2,6,30,20.8,11
James,3,4/23/2015,EC1,3,CLE,BOS,W (+8),42,13,26,0.5,1,5,0.2,4,5,0.8,1,10,11,4,4,2,2,31,27.1,0
James,4,4/26/2015,EC1,4,CLE,BOS,W (+8),46,10,24,0.417,1,7,0.143,6,10,0.6,0,10,10,8,3,1,6,27,18.1,7
James,5,5/4/2015,ECS,1,CLE,CHI,L (-7),42,9,22,0.409,0,3,0,1,2,0.5,4,11,15,9,3,1,6,19,15.3,-11
James,6,5/6/2015,ECS,2,CLE,CHI,W (+15),34,13,29,0.448,0,2,0,7,9,0.778,3,5,8,5,2,1,2,33,24.1,31
James,7,5/8/2015,ECS,3,CLE,CHI,L (-3),44,8,25,0.32,1,7,0.143,10,11,0.909,2,6,8,14,1,1,7,27,18.4,1
James,8,5/10/2015,ECS,4,CLE,CHI,W (+2),43,10,30,0.333,1,7,0.143,4,4,1,2,12,14,8,1,2,8,25,11.4,5
James,9,5/12/2015,ECS,5,CLE,CHI,W (+5),41,14,24,0.583,1,5,0.2,9,12,0.75,2,10,12,6,3,3,0,38,38.1,-4
James,10,5/14/2015,ECS,6,CLE,CHI,W (+21),41,7,23,0.304,0,4,0,1,2,0.5,1,8,9,11,0,2,4,15,7.9,20
James,11,5/20/2015,ECF,1,CLE,ATL,W (+8),38,12,26,0.462,0,1,0,7,8,0.875,1,7,8,6,1,0,4,31,20,3
James,12,5/22/2015,ECF,2,CLE,ATL,W (+12),39,10,22,0.455,2,7,0.286,8,11,0.727,1,8,9,11,0,1,4,30,24.5,18
James,13,5/24/2015,ECF,3,CLE,ATL,W (+3),47,14,37,0.378,1,6,0.167,8,10,0.8,8,10,18,13,3,0,6,37,29,-3
James,14,5/26/2015,ECF,4,CLE,ATL,W (+30),29,10,20,0.5,2,6,0.333,1,4,0.25,0,9,9,7,2,1,1,23,20.3,20
James,15,6/4/2015,FIN,1,CLE,GSW,L (-8),46,18,38,0.474,2,8,0.25,6,10,0.6,0,8,8,6,0,0,4,44,24.8,-3
James,16,6/7/2015,FIN,2,CLE,GSW,W (+2),50,11,35,0.314,3,6,0.5,14,18,0.778,4,12,16,11,1,1,3,39,28.9,0
James,17,6/9/2015,FIN,3,CLE,GSW,W (+5),46,14,34,0.412,2,6,0.333,10,12,0.833,1,11,12,8,4,2,4,40,31.6,7
James,18,6/11/2015,FIN,4,CLE,GSW,L (-21),41,7,22,0.318,1,4,0.25,5,10,0.5,2,10,12,8,0,0,2,20,11.4,-15
James,19,6/14/2015,FIN,5,CLE,GSW,L (-13),45,15,34,0.441,3,8,0.375,7,9,0.778,1,13,14,11,1,0,2,40,30.7,-11
James,20,6/16/2015,FIN,6,CLE,GSW,L (-8),47,13,33,0.394,2,10,0.2,4,8,0.5,3,15,18,9,2,0,6,32,20.2,-3
James,1,4/17/2016,EC1,1,CLE,DET,W (+5),41,9,17,0.529,0,3,0,4,4,1,1,5,6,11,2,2,1,22,24.8,18
James,2,4/20/2016,EC1,2,CLE,DET,W (+17),40,12,18,0.667,2,4,0.5,1,3,0.333,1,5,6,3,3,0,5,27,19.5,10
James,3,4/22/2016,EC1,3,CLE,DET,W (+10),43,8,24,0.333,1,6,0.167,3,5,0.6,1,12,13,7,0,1,5,20,9.7,17
James,4,4/24/2016,EC1,4,CLE,DET,W (+2),41,9,19,0.474,1,6,0.167,3,3,1,2,9,11,6,2,0,2,22,19,5
James,5,5/2/2016,ECS,1,CLE,ATL,W (+11),41,11,21,0.524,2,4,0.5,1,1,1,0,7,7,9,5,1,4,25,23.6,16
James,6,5/4/2016,ECS,2,CLE,ATL,W (+25),28,9,15,0.6,4,6,0.667,5,9,0.556,0,4,4,5,3,0,2,27,22.6,24
James,7,5/6/2016,ECS,3,CLE,ATL,W (+13),39,8,16,0.5,1,4,0.25,7,9,0.778,2,11,13,8,2,0,5,24,21.7,17
James,8,5/8/2016,ECS,4,CLE,ATL,W (+1),38,10,23,0.435,1,5,0.2,0,3,0,5,5,10,9,2,1,6,21,14.9,2
James,9,5/17/2016,ECF,1,CLE,TOR,W (+31),28,11,13,0.846,0,1,0,2,4,0.5,2,4,6,4,2,1,4,24,21.4,20
James,10,5/19/2016,ECF,2,CLE,TOR,W (+19),34,7,13,0.538,0,2,0,9,17,0.529,1,10,11,11,3,0,2,23,25.1,16
James,11,5/21/2016,ECF,3,CLE,TOR,L (-15),39,9,17,0.529,1,5,0.2,5,7,0.714,4,4,8,5,2,0,2,24,21.2,-12
James,12,5/23/2016,ECF,4,CLE,TOR,L (-6),46,11,16,0.688,1,3,0.333,6,6,1,4,5,9,6,2,1,1,29,31.2,-3
James,13,5/25/2016,ECF,5,CLE,TOR,W (+38),32,10,17,0.588,2,4,0.5,1,3,0.333,0,6,6,8,2,1,2,23,21.6,32
James,14,5/27/2016,ECF,6,CLE,TOR,W (+26),41,13,22,0.591,3,6,0.5,4,7,0.571,2,9,11,6,1,3,3,33,29.2,22
James,15,6/2/2016,FIN,1,CLE,GSW,L (-15),41,9,21,0.429,2,4,0.5,3,4,0.75,4,8,12,9,2,1,4,23,20.9,-9
James,16,6/5/2016,FIN,2,CLE,GSW,L (-33),34,7,17,0.412,1,5,0.2,4,4,1,0,8,8,9,4,1,7,19,15.1,-20
James,17,6/8/2016,FIN,3,CLE,GSW,W (+30),40,14,26,0.538,1,2,0.5,3,5,0.6,2,9,11,6,1,2,5,32,23.5,24
James,18,6/10/2016,FIN,4,CLE,GSW,L (-11),46,11,21,0.524,1,5,0.2,2,4,0.5,4,9,13,9,2,3,7,25,21.2,-12
James,19,6/13/2016,FIN,5,CLE,GSW,W (+15),43,16,30,0.533,4,8,0.5,5,8,0.625,4,12,16,7,3,3,2,41,39.2,13
James,20,6/16/2016,FIN,6,CLE,GSW,W (+14),43,16,27,0.593,3,6,0.5,6,8,0.75,2,6,8,11,4,3,1,41,42.5,26
James,21,6/19/2016,FIN,7,CLE,GSW,W (+4),47,9,24,0.375,1,5,0.2,8,10,0.8,1,10,11,11,2,3,5,27,23.1,4
James,1,4/15/2017,EC1,1,CLE,IND,W (+1),43,12,20,0.6,2,3,0.667,6,9,0.667,1,5,6,13,3,0,3,32,31.7,5
James,2,4/17/2017,EC1,2,CLE,IND,W (+6),42,11,20,0.55,0,2,0,3,6,0.5,0,10,10,7,4,4,8,25,20.1,6
James,3,4/20/2017,EC1,3,CLE,IND,W (+5),45,14,27,0.519,6,12,0.5,7,14,0.5,1,12,13,12,1,2,3,41,35.4,13
James,4,4/23/2017,EC1,4,CLE,IND,W (+4),45,13,25,0.52,1,3,0.333,6,9,0.667,0,10,10,4,4,2,4,33,26.3,4
James,5,5/1/2017,ECS,1,CLE,TOR,W (+11),41,13,23,0.565,2,5,0.4,7,8,0.875,2,8,10,4,1,1,3,35,28.2,16
James,6,5/3/2017,ECS,2,CLE,TOR,W (+22),37,10,14,0.714,4,6,0.667,15,21,0.714,1,5,6,4,3,2,3,39,36,24
James,7,5/5/2017,ECS,3,CLE,TOR,W (+21),41,9,16,0.563,2,4,0.5,15,16,0.938,0,8,8,7,1,0,5,35,29.9,20
James,8,5/7/2017,ECS,4,CLE,TOR,W (+7),46,11,22,0.5,5,12,0.417,8,9,0.889,1,8,9,6,0,1,6,35,25.2,7
James,9,5/17/2017,ECF,1,CLE,BOS,W (+13),42,14,24,0.583,1,6,0.167,9,11,0.818,2,7,9,7,2,0,2,38,33.6,17
James,10,5/19/2017,ECF,2,CLE,BOS,W (+44),33,12,18,0.667,4,6,0.667,2,4,0.5,0,4,4,7,4,3,1,30,32.2,46
James,11,5/21/2017,ECF,3,CLE,BOS,L (-3),45,4,13,0.308,0,4,0,3,6,0.5,1,5,6,6,1,1,6,11,3.6,1
James,12,5/23/2017,ECF,4,CLE,BOS,W (+13),38,15,27,0.556,1,6,0.167,3,4,0.75,0,5,5,6,1,1,5,34,21.5,7
James,13,5/25/2017,ECF,5,CLE,BOS,W (+33),35,13,18,0.722,4,7,0.571,5,8,0.625,1,7,8,8,3,1,2,35,34.9,36
James,14,6/1/2017,FIN,1,CLE,GSW,L (-22),40,9,20,0.45,2,6,0.333,8,12,0.667,3,12,15,8,0,2,8,28,19.1,-22
James,15,6/4/2017,FIN,2,CLE,GSW,L (-19),39,12,18,0.667,1,3,0.333,4,5,0.8,0,11,11,14,3,1,4,29,32.8,-11
James,16,6/7/2017,FIN,3,CLE,GSW,L (-5),46,15,27,0.556,4,9,0.444,5,6,0.833,3,8,11,9,1,1,5,39,32.4,7
James,17,6/9/2017,FIN,4,CLE,GSW,W (+21),41,11,22,0.5,3,8,0.375,6,10,0.6,1,9,10,11,1,0,2,31,27.7,32
James,18,6/12/2017,FIN,5,CLE,GSW,L (-9),46,19,30,0.633,2,5,0.4,1,4,0.25,2,11,13,8,2,1,2,41,36.2,-13
James,1,4/15/2018,EC1,1,CLE,IND,L (-18),44,7,17,0.412,0,4,0,10,14,0.714,3,7,10,12,1,1,3,24,23.8,-13
James,2,4/18/2018,EC1,2,CLE,IND,W (+3),40,17,24,0.708,2,5,0.4,10,13,0.769,1,11,12,5,2,0,3,46,40.9,7
James,3,4/20/2018,EC1,3,CLE,IND,L (-2),42,10,22,0.455,4,7,0.571,4,6,0.667,3,9,12,8,1,1,6,28,21.5,-1
James,4,4/22/2018,EC1,4,CLE,IND,W (+4),46,12,22,0.545,0,5,0,8,9,0.889,2,11,13,7,0,2,1,32,29.8,3
James,5,4/25/2018,EC1,5,CLE,IND,W (+3),42,14,24,0.583,1,4,0.25,15,15,1,3,7,10,8,1,1,5,44,38.1,2
James,6,4/27/2018,EC1,6,CLE,IND,L (-34),31,7,16,0.438,3,6,0.5,5,5,1,0,5,5,7,1,2,4,22,17.2,-24
James,7,4/29/2018,EC1,7,CLE,IND,W (+4),43,16,25,0.64,2,3,0.667,11,15,0.733,2,6,8,7,4,0,4,45,38.8,-2
James,8,5/1/2018,ECS,1,CLE,TOR,W (+1),47,12,30,0.4,1,8,0.125,1,6,0.167,0,11,11,13,1,2,1,26,20.8,5
James,9,5/3/2018,ECS,2,CLE,TOR,W (+18),41,19,28,0.679,1,3,0.333,4,8,0.5,1,7,8,14,1,0,1,43,41.6,20
James,10,5/5/2018,ECS,3,CLE,TOR,W (+2),41,14,26,0.538,1,4,0.25,9,11,0.818,1,5,6,7,3,1,4,38,31,2
James,11,5/7/2018,ECS,4,CLE,TOR,W (+35),38,12,19,0.632,0,3,0,5,8,0.625,0,8,8,11,2,1,2,29,29.3,28
James,12,5/13/2018,ECF,1,CLE,BOS,L (-25),36,5,16,0.313,0,5,0,5,6,0.833,0,7,7,9,0,2,7,15,7.8,-32
James,13,5/15/2018,ECF,2,CLE,BOS,L (-13),39,16,29,0.552,5,11,0.455,5,10,0.5,1,9,10,12,0,1,6,42,31.4,-9
James,14,5/19/2018,ECF,3,CLE,BOS,W (+30),38,8,12,0.667,3,3,1,8,10,0.8,1,4,5,12,2,2,3,27,30.5,31
James,15,5/21/2018,ECF,4,CLE,BOS,W (+9),42,17,28,0.607,1,4,0.25,9,13,0.692,1,4,5,3,2,0,7,44,27.4,9
James,16,5/23/2018,ECF,5,CLE,BOS,L (-13),39,11,22,0.5,1,6,0.167,3,4,0.75,0,10,10,5,1,0,6,26,15.3,-11
James,17,5/25/2018,ECF,6,CLE,BOS,W (+10),46,17,33,0.515,5,7,0.714,7,11,0.636,3,8,11,9,3,1,3,46,38.8,15
James,18,5/27/2018,ECF,7,CLE,BOS,W (+8),48,12,24,0.5,3,8,0.375,8,11,0.727,0,15,15,9,0,2,8,35,24.4,8
James,19,5/31/2018,FIN,1,CLE,GSW,L (-10),48,19,32,0.594,3,7,0.429,10,11,0.909,4,4,8,8,1,1,5,51,41.3,-13
James,20,6/3/2018,FIN,2,CLE,GSW,L (-19),44,10,20,0.5,2,4,0.5,7,9,0.778,1,8,9,13,2,0,5,29,26.6,-18
James,21,6/6/2018,FIN,3,CLE,GSW,L (-8),47,13,28,0.464,1,6,0.167,6,7,0.857,3,7,10,11,2,2,4,33,28.7,-8
James,22,6/8/2018,FIN,4,CLE,GSW,L (-23),41,7,13,0.538,0,1,0,9,11,0.818,1,6,7,8,0,1,6,23,16.7,-21
James,1,8/18/2020,WC1,1,LAL,POR,L (-7),41,9,20,0.45,1,5,0.2,4,7,0.571,2,15,17,16,1,0,4,23,25.1,-3
James,2,8/20/2020,WC1,2,LAL,POR,W (+23),27,4,11,0.364,0,3,0,2,2,1,0,6,6,7,2,0,6,10,6.2,23
James,3,8/22/2020,WC1,3,LAL,POR,W (+8),34,11,18,0.611,4,8,0.5,12,17,0.706,1,11,12,8,2,0,8,38,30.2,2
James,4,8/24/2020,WC1,4,LAL,POR,W (+20),28,10,12,0.833,4,5,0.8,6,8,0.75,1,5,6,10,0,1,2,30,31.9,17
James,5,8/29/2020,WC1,5,LAL,POR,W (+9),34,14,19,0.737,4,7,0.571,4,4,1,0,10,10,10,1,1,5,36,34.6,20
James,6,9/4/2020,WCS,1,LAL,HOU,L (-15),37,7,15,0.467,2,7,0.286,4,5,0.8,1,7,8,7,0,2,4,20,16.2,-15
James,7,9/6/2020,WCS,2,LAL,HOU,W (+8),39,10,17,0.588,1,5,0.2,7,10,0.7,0,11,11,9,4,2,7,28,25.7,15
James,8,9/8/2020,WCS,3,LAL,HOU,W (+10),38,13,23,0.565,4,9,0.444,6,10,0.6,0,7,7,5,1,4,2,36,30.5,8
James,9,9/10/2020,WCS,4,LAL,HOU,W (+10),34,7,17,0.412,0,5,0,2,3,0.667,1,14,15,9,3,0,4,16,15.9,15
James,10,9/12/2020,WCS,5,LAL,HOU,W (+23),31,9,18,0.5,3,8,0.375,8,10,0.8,2,9,11,7,2,1,4,29,26.1,19
James,11,9/18/2020,WCF,1,LAL,DEN,W (+12),31,6,11,0.545,0,2,0,3,4,0.75,1,5,6,12,0,0,3,15,16.1,15
James,12,9/20/2020,WCF,2,LAL,DEN,W (+2),36,10,20,0.5,3,8,0.375,3,4,0.75,2,9,11,4,0,2,6,26,17.1,-9
James,13,9/22/2020,WCF,3,LAL,DEN,L (-8),37,14,23,0.609,1,4,0.25,1,2,0.5,1,9,10,11,2,2,6,30,27.2,2
James,14,9/24/2020,WCF,4,LAL,DEN,W (+6),38,7,18,0.389,1,3,0.333,11,14,0.786,1,8,9,8,0,0,0,26,22.9,8
James,15,9/26/2020,WCF,5,LAL,DEN,W (+10),40,15,25,0.6,1,4,0.25,7,8,0.875,3,13,16,10,1,0,2,38,37.3,12
James,16,9/30/2020,FIN,1,LAL,MIA,W (+18),36,9,17,0.529,2,4,0.5,5,6,0.833,1,12,13,9,1,0,2,25,24.7,10
James,17,10/2/2020,FIN,2,LAL,MIA,W (+10),39,14,25,0.56,3,8,0.375,2,5,0.4,2,7,9,9,1,1,0,33,30.6,7
James,18,10/4/2020,FIN,3,LAL,MIA,L (-11),39,9,16,0.563,1,5,0.2,6,9,0.667,1,9,10,8,0,2,8,25,17.8,-4
James,19,10/6/2020,FIN,4,LAL,MIA,W (+6),39,8,16,0.5,2,5,0.4,10,12,0.833,2,10,12,8,1,0,6,28,23.4,-2
James,20,10/9/2020,FIN,5,LAL,MIA,L (-3),42,15,21,0.714,6,9,0.667,4,6,0.667,3,10,13,7,3,0,4,40,39.1,7
James,21,10/11/2020,FIN,6,LAL,MIA,W (+13),41,13,20,0.65,1,5,0.2,1,4,0.25,3,11,14,10,1,0,1,28,29.2,18
Jordan,1,4/19/1985,EC1,1,CHI,MIL,L (-9),44,7,19,0.368,0,1,0,9,10,0.9,1,3,4,10,3,0,1,23,21.5,
Jordan,2,4/21/1985,EC1,2,CHI,MIL,L (-7),43,9,17,0.529,1,4,0.25,11,12,0.917,1,3,4,12,2,0,7,30,24.3,
Jordan,3,4/24/1985,EC1,3,CHI,MIL,W (+2),42,12,26,0.462,0,1,0,11,16,0.688,3,5,8,7,4,1,3,35,28.2,
Jordan,4,4/26/1985,EC1,4,CHI,MIL,L (-8),42,6,16,0.375,0,2,0,17,20,0.85,2,5,7,5,2,3,4,29,24.3,
Jordan,1,4/17/1986,EC1,1,CHI,BOS,L (-19),43,18,36,0.5,0,0,,13,15,0.867,0,4,4,2,2,1,5,49,29.3,
Jordan,2,4/20/1986,EC1,2,CHI,BOS,L (-4),53,22,41,0.537,0,0,,19,21,0.905,1,4,5,6,3,2,4,63,47.2,
Jordan,3,4/22/1986,EC1,3,CHI,BOS,L (-18),39,8,18,0.444,1,1,1,2,3,0.667,4,6,10,9,2,1,5,19,15.4,
Jordan,1,4/23/1987,EC1,1,CHI,BOS,L (-4),44,12,25,0.48,0,1,0,11,11,1,0,6,6,7,4,2,2,35,30.8,
Jordan,2,4/26/1987,EC1,2,CHI,BOS,L (-9),45,14,29,0.483,2,3,0.667,12,14,0.857,1,3,4,4,0,4,4,42,28.5,
Jordan,3,4/28/1987,EC1,3,CHI,BOS,L (-11),39,9,30,0.3,0,1,0,12,14,0.857,6,5,11,7,2,1,2,30,21.5,
Jordan,1,4/28/1988,EC1,1,CHI,CLE,W (+11),44,19,35,0.543,0,0,,12,12,1,1,6,7,2,2,2,5,50,34.2,
Jordan,2,5/1/1988,EC1,2,CHI,CLE,W (+5),44,24,45,0.533,0,0,,7,7,1,3,3,6,3,4,1,1,55,40.3,
Jordan,3,5/3/1988,EC1,3,CHI,CLE,L (-8),44,12,25,0.48,0,0,,14,15,0.933,2,3,5,9,2,1,4,38,30.2,
Jordan,4,5/5/1988,EC1,4,CHI,CLE,L (-6),42,18,25,0.72,0,0,,8,9,0.889,2,3,5,4,4,2,4,44,37.4,
Jordan,5,5/8/1988,EC1,5,CHI,CLE,W (+6),43,12,22,0.545,0,0,,15,18,0.833,1,3,4,6,2,2,7,39,27.8,
Jordan,6,5/10/1988,ECS,1,CHI,DET,L (-11),40,10,22,0.455,0,1,0,9,10,0.9,5,6,11,6,0,1,5,29,20.8,
Jordan,7,5/12/1988,ECS,2,CHI,DET,W (+10),44,14,22,0.636,0,0,,8,10,0.8,4,7,11,1,1,1,2,36,28.7,
Jordan,8,5/14/1988,ECS,3,CHI,DET,L (-22),38,8,20,0.4,0,0,,8,9,0.889,1,6,7,3,1,1,5,24,12.9,
Jordan,9,5/15/1988,ECS,4,CHI,DET,L (-19),45,11,22,0.5,0,0,,1,2,0.5,2,5,7,5,6,0,3,23,21,
Jordan,10,5/18/1988,ECS,5,CHI,DET,L (-7),43,10,22,0.455,1,2,0.5,4,7,0.571,2,6,8,8,2,0,3,25,18.6,
Jordan,1,4/28/1989,EC1,1,CHI,CLE,W (+7),40,12,21,0.571,0,1,0,7,8,0.875,0,5,5,11,4,1,6,31,26.6,
Jordan,2,4/30/1989,EC1,2,CHI,CLE,L (-8),44,10,22,0.455,0,1,0,10,10,1,3,2,5,10,2,0,7,30,22.5,
Jordan,3,5/3/1989,EC1,3,CHI,CLE,W (+7),39,18,34,0.529,1,1,1,7,9,0.778,2,5,7,10,5,1,5,44,35.6,
Jordan,4,5/5/1989,EC1,4,CHI,CLE,L (-3),43,14,28,0.5,0,1,0,22,27,0.815,0,3,3,4,3,0,1,50,37.3,
Jordan,5,5/7/1989,EC1,5,CHI,CLE,W (+1),44,17,32,0.531,1,1,1,9,13,0.692,3,6,9,6,1,0,2,44,32.7,
Jordan,6,5/9/1989,ECS,1,CHI,NYK,W (+11),46,11,17,0.647,1,2,0.5,11,11,1,2,8,10,12,2,0,6,34,32.7,
Jordan,7,5/11/1989,ECS,2,CHI,NYK,L (-17),34,7,17,0.412,0,2,0,1,4,0.25,2,6,8,3,1,0,1,15,8.4,
Jordan,8,5/13/1989,ECS,3,CHI,NYK,W (+23),39,14,25,0.56,1,2,0.5,11,13,0.846,2,13,15,9,6,1,3,40,41.4,
Jordan,9,5/14/1989,ECS,4,CHI,NYK,W (+13),42,12,18,0.667,0,1,0,23,28,0.821,0,11,11,6,1,2,6,47,39.9,
Jordan,10,5/16/1989,ECS,5,CHI,NYK,L (-7),43,13,30,0.433,1,3,0.333,11,15,0.733,5,3,8,10,5,1,3,38,33.9,
Jordan,11,5/19/1989,ECS,6,CHI,NYK,W (+2),45,14,22,0.636,1,3,0.333,11,12,0.917,1,4,5,10,0,4,6,40,34.3,
Jordan,12,5/21/1989,ECF,1,CHI,DET,W (+6),45,10,29,0.345,2,6,0.333,10,13,0.769,2,9,11,4,0,0,3,32,16.4,
Jordan,13,5/23/1989,ECF,2,CHI,DET,L (-9),38,9,20,0.45,0,2,0,9,11,0.818,1,3,4,4,2,1,4,27,16.9,
Jordan,14,5/27/1989,ECF,3,CHI,DET,W (+2),45,16,26,0.615,0,3,0,14,15,0.933,3,4,7,5,5,0,2,46,42.8,
Jordan,15,5/29/1989,ECF,4,CHI,DET,L (-6),43,5,15,0.333,1,3,0.333,12,17,0.706,0,2,2,4,1,0,1,23,13.9,
Jordan,16,5/31/1989,ECF,5,CHI,DET,L (-9),46,4,8,0.5,0,1,0,10,11,0.909,0,5,5,9,1,0,4,18,17.2,
Jordan,17,6/2/1989,ECF,6,CHI,DET,L (-9),42,13,26,0.5,1,2,0.5,5,12,0.417,0,4,4,13,3,2,8,32,20.9,
Jordan,1,4/27/1990,EC1,1,CHI,MIL,W (+14),44,15,27,0.556,0,1,0,8,11,0.727,1,7,8,7,2,1,7,38,25.7,
Jordan,2,4/29/1990,EC1,2,CHI,MIL,W (+7),44,12,21,0.571,0,0,,12,14,0.857,1,8,9,11,5,1,5,36,34.8,
Jordan,3,5/1/1990,EC1,3,CHI,MIL,L (-7),46,20,35,0.571,1,5,0.2,7,9,0.778,2,7,9,5,1,2,5,48,33.5,
Jordan,4,5/3/1990,EC1,4,CHI,MIL,W (+24),32,8,19,0.421,0,0,,9,13,0.692,1,5,6,5,2,0,1,25,18.8,
Jordan,5,5/7/1990,ECS,1,CHI,PHI,W (+11),43,16,30,0.533,2,4,0.5,5,6,0.833,1,4,5,6,5,2,4,39,31.3,
Jordan,6,5/9/1990,ECS,2,CHI,PHI,W (+5),43,18,36,0.5,1,3,0.333,8,8,1,4,4,8,7,3,0,2,45,35.7,
Jordan,7,5/11/1990,ECS,3,CHI,PHI,L (-6),42,19,34,0.559,4,11,0.364,7,9,0.778,2,3,5,5,4,1,5,49,35.9,
Jordan,8,5/13/1990,ECS,4,CHI,PHI,W (+10),42,16,31,0.516,1,2,0.5,12,13,0.923,1,5,6,11,2,2,3,45,38.4,
Jordan,9,5/16/1990,ECS,5,CHI,PHI,W (+18),42,17,26,0.654,1,3,0.333,2,4,0.5,2,7,9,8,6,1,4,37,35.8,
Jordan,10,5/20/1990,ECF,1,CHI,DET,L (-9),42,12,27,0.444,2,6,0.333,8,8,1,1,6,7,5,3,0,1,34,26.7,
Jordan,11,5/22/1990,ECF,2,CHI,DET,L (-9),45,5,16,0.313,0,2,0,10,12,0.833,1,6,7,7,4,1,3,20,17.1,
Jordan,12,5/26/1990,ECF,3,CHI,DET,W (+5),43,17,32,0.531,2,2,1,11,13,0.846,3,7,10,4,1,0,4,47,33.4,
Jordan,13,5/28/1990,ECF,4,CHI,DET,W (+7),43,13,26,0.5,0,1,0,16,19,0.842,0,4,4,9,4,3,4,42,35.4,
Jordan,14,5/30/1990,ECF,5,CHI,DET,L (-14),39,7,19,0.368,1,4,0.25,7,9,0.778,1,3,4,8,1,0,1,22,17.5,
Jordan,15,6/1/1990,ECF,6,CHI,DET,W (+18),39,11,20,0.55,1,4,0.25,6,6,1,1,9,10,2,1,0,3,29,20.6,
Jordan,16,6/3/1990,ECF,7,CHI,DET,L (-19),45,13,27,0.481,0,2,0,5,5,1,2,6,8,9,1,0,4,31,23,
Jordan,1,4/25/1991,EC1,1,CHI,NYK,W (+41),32,8,15,0.533,3,4,0.75,9,9,1,1,5,6,6,2,0,1,28,27.3,
Jordan,2,4/28/1991,EC1,2,CHI,NYK,W (+10),42,9,16,0.563,0,0,,8,9,0.889,1,4,5,5,0,1,2,26,21.3,
Jordan,3,4/30/1991,EC1,3,CHI,NYK,W (+9),39,14,28,0.5,0,2,0,5,5,1,1,2,3,7,6,1,1,33,29.7,
Jordan,4,5/4/1991,ECS,1,CHI,PHI,W (+13),31,8,15,0.533,0,1,0,13,15,0.867,0,5,5,5,3,1,1,29,27.8,
Jordan,5,5/6/1991,ECS,2,CHI,PHI,W (+12),40,12,26,0.462,0,5,0,5,7,0.714,1,7,8,9,1,1,1,29,23,
Jordan,6,5/10/1991,ECS,3,CHI,PHI,L (-2),42,20,34,0.588,0,0,,6,9,0.667,0,4,4,6,1,4,2,46,35,
Jordan,7,5/12/1991,ECS,4,CHI,PHI,W (+16),41,11,27,0.407,2,3,0.667,1,2,0.5,0,4,4,12,4,0,1,25,21.1,
Jordan,8,5/14/1991,ECS,5,CHI,PHI,W (+5),42,14,31,0.452,0,2,0,10,11,0.909,4,15,19,7,0,1,4,38,29.2,
Jordan,9,5/19/1991,ECF,1,CHI,DET,W (+11),38,6,15,0.4,0,1,0,10,13,0.769,0,3,3,6,3,0,6,22,13.2,
Jordan,10,5/21/1991,ECF,2,CHI,DET,W (+8),39,10,20,0.5,2,2,1,13,14,0.929,2,1,3,7,2,0,3,35,29.4,
Jordan,11,5/25/1991,ECF,3,CHI,DET,W (+6),46,11,19,0.579,0,0,,11,12,0.917,0,7,7,7,3,5,1,33,34.6,
Jordan,12,5/27/1991,ECF,4,CHI,DET,W (+21),37,11,17,0.647,1,2,0.5,6,9,0.667,0,8,8,8,1,2,2,29,27.9,
Jordan,13,6/2/1991,FIN,1,CHI,LAL,L (-2),40,14,24,0.583,1,1,1,7,9,0.778,2,6,8,12,3,0,4,36,32.6,
Jordan,14,6/5/1991,FIN,2,CHI,LAL,W (+21),36,15,18,0.833,0,1,0,3,4,0.75,1,6,7,13,2,1,4,33,34.7,
Jordan,15,6/7/1991,FIN,3,CHI,LAL,W (+8),52,11,28,0.393,1,1,1,6,6,1,4,5,9,9,4,2,3,29,24.8,
Jordan,16,6/9/1991,FIN,4,CHI,LAL,W (+15),44,11,20,0.55,0,1,0,6,6,1,1,4,5,13,0,2,1,28,28.6,
Jordan,17,6/12/1991,FIN,5,CHI,LAL,W (+7),48,12,23,0.522,0,0,,6,8,0.75,0,4,4,10,5,2,6,30,26.1,
Jordan,1,4/24/1992,EC1,1,CHI,MIA,W (+19),41,21,34,0.618,0,0,,4,4,1,1,10,11,9,3,1,5,46,37.7,
Jordan,2,4/26/1992,EC1,2,CHI,MIA,W (+30),35,12,23,0.522,0,0,,9,10,0.9,4,9,13,6,2,0,4,33,27.8,
Jordan,3,4/29/1992,EC1,3,CHI,MIA,W (+5),43,20,30,0.667,0,0,,16,18,0.889,1,4,5,5,4,2,2,56,49.8,
Jordan,4,5/5/1992,ECS,1,CHI,NYK,L (-5),44,12,23,0.522,0,0,,7,8,0.875,1,5,6,3,1,3,2,31,23.1,
Jordan,5,5/7/1992,ECS,2,CHI,NYK,W (+8),43,12,24,0.5,0,0,,3,8,0.375,1,5,6,5,3,0,2,27,18.9,
Jordan,6,5/9/1992,ECS,3,CHI,NYK,W (+8),44,12,24,0.5,1,3,0.333,7,10,0.7,1,8,9,3,3,1,6,32,20.9,
Jordan,7,5/10/1992,ECS,4,CHI,NYK,L (-7),44,12,26,0.462,0,2,0,5,6,0.833,2,2,4,4,0,0,0,29,19.6,
Jordan,8,5/12/1992,ECS,5,CHI,NYK,W (+8),40,11,23,0.478,0,0,,15,17,0.882,2,3,5,3,1,0,4,37,24.7,
Jordan,9,5/14/1992,ECS,6,CHI,NYK,L (-14),45,9,25,0.36,1,5,0.2,2,4,0.5,0,4,4,8,0,1,7,21,6.8,
Jordan,10,5/17/1992,ECS,7,CHI,NYK,W (+29),42,15,29,0.517,0,0,,12,13,0.923,3,3,6,4,2,3,5,42,31,
Jordan,11,5/19/1992,ECF,1,CHI,CLE,W (+14),40,15,29,0.517,1,2,0.5,2,2,1,1,5,6,7,2,1,1,33,27.5,
Jordan,12,5/21/1992,ECF,2,CHI,CLE,L (-26),35,7,22,0.318,0,0,,6,7,0.857,8,3,11,3,3,2,6,20,12.8,
Jordan,13,5/23/1992,ECF,3,CHI,CLE,W (+9),43,13,27,0.481,1,1,1,9,10,0.9,3,3,6,9,1,0,5,36,26,
Jordan,14,5/25/1992,ECF,4,CHI,CLE,L (-14),44,15,33,0.455,1,3,0.333,4,5,0.8,2,3,5,6,3,0,5,35,20.8,
Jordan,15,5/27/1992,ECF,5,CHI,CLE,W (+23),39,13,28,0.464,0,0,,11,12,0.917,0,3,3,5,4,0,0,37,29,
Jordan,16,5/29/1992,ECF,6,CHI,CLE,W (+5),44,10,27,0.37,0,0,,9,9,1,1,7,8,8,2,0,3,29,20.3,
Jordan,17,6/3/1992,FIN,1,CHI,POR,W (+33),34,16,27,0.593,6,10,0.6,1,1,1,2,1,3,11,2,0,1,39,36.9,
Jordan,18,6/5/1992,FIN,2,CHI,POR,L (-11),50,16,32,0.5,0,4,0,7,9,0.778,1,4,5,10,1,0,5,39,25.1,
Jordan,19,6/7/1992,FIN,3,CHI,POR,W (+10),41,11,22,0.5,0,1,0,4,4,1,2,5,7,4,3,0,5,26,17.1,
Jordan,20,6/10/1992,FIN,4,CHI,POR,L (-5),44,11,26,0.423,2,6,0.333,8,8,1,0,5,5,6,0,0,5,32,17.3,
Jordan,21,6/12/1992,FIN,5,CHI,POR,W (+13),42,14,23,0.609,2,4,0.5,16,19,0.842,0,5,5,4,0,1,4,46,33.3,
Jordan,22,6/14/1992,FIN,6,CHI,POR,W (+4),43,13,24,0.542,2,3,0.667,5,5,1,1,3,4,4,4,1,4,33,25.3,
Jordan,1,4/30/1993,EC1,1,CHI,ATL,W (+24),29,15,26,0.577,2,4,0.5,3,4,0.75,3,4,7,5,0,0,0,35,28,
Jordan,2,5/2/1993,EC1,2,CHI,ATL,W (+15),38,10,24,0.417,2,4,0.5,7,8,0.875,0,6,6,4,3,4,0,29,24.2,
Jordan,3,5/4/1993,EC1,3,CHI,ATL,W (+10),40,16,28,0.571,2,5,0.4,5,5,1,0,7,7,4,2,1,4,39,27.8,
Jordan,4,5/11/1993,ECS,1,CHI,CLE,W (+7),42,16,30,0.533,0,4,0,11,11,1,0,0,0,4,3,1,3,43,30.7,
Jordan,5,5/13/1993,ECS,2,CHI,CLE,W (+19),31,8,18,0.444,0,2,0,2,5,0.4,2,3,5,6,2,0,2,18,13.9,
Jordan,6,5/15/1993,ECS,3,CHI,CLE,W (+6),40,12,24,0.5,0,1,0,8,10,0.8,2,4,6,5,2,0,2,32,24.9,
Jordan,7,5/17/1993,ECS,4,CHI,CLE,W (+2),40,11,24,0.458,2,2,1,7,9,0.778,3,6,9,6,2,1,4,31,23.8,
Jordan,8,5/23/1993,ECF,1,CHI,NYK,L (-8),43,10,27,0.37,2,4,0.5,5,6,0.833,1,1,2,5,4,0,1,27,17.2,
Jordan,9,5/25/1993,ECF,2,CHI,NYK,L (-5),39,12,32,0.375,1,7,0.143,11,13,0.846,3,6,9,1,2,0,3,36,20,
Jordan,10,5/29/1993,ECF,3,CHI,NYK,W (+20),38,3,18,0.167,0,0,,16,17,0.941,1,7,8,11,2,2,2,22,21.7,
Jordan,11,5/31/1993,ECF,4,CHI,NYK,W (+10),39,18,30,0.6,6,9,0.667,12,14,0.857,0,6,6,2,2,1,2,54,41.3,
Jordan,12,6/2/1993,ECF,5,CHI,NYK,W (+3),45,11,24,0.458,0,1,0,7,9,0.778,2,8,10,14,2,1,5,29,26.3,
Jordan,13,6/4/1993,ECF,6,CHI,NYK,W (+8),45,8,24,0.333,1,4,0.25,8,9,0.889,0,2,2,9,3,2,1,25,19.7,
Jordan,14,6/9/1993,FIN,1,CHI,PHO,W (+8),43,14,28,0.5,0,1,0,3,4,0.75,2,5,7,5,5,1,2,31,25.9,
Jordan,15,6/11/1993,FIN,2,CHI,PHO,W (+3),40,18,36,0.5,2,2,1,4,5,0.8,5,7,12,9,2,0,5,42,31.7,
Jordan,16,6/13/1993,FIN,3,CHI,PHO,L (-8),57,19,43,0.442,3,9,0.333,3,6,0.5,3,6,9,6,2,1,3,44,26.1,
Jordan,17,6/16/1993,FIN,4,CHI,PHO,W (+6),46,21,37,0.568,0,1,0,13,18,0.722,1,7,8,4,0,0,1,55,38.9,
Jordan,18,6/18/1993,FIN,5,CHI,PHO,L (-10),44,16,29,0.552,2,7,0.286,7,10,0.7,1,6,7,7,0,2,2,41,30.7,
Jordan,19,6/20/1993,FIN,6,CHI,PHO,W (+1),44,13,26,0.5,3,5,0.6,4,6,0.667,3,5,8,7,1,0,3,33,24.5,
Jordan,1,4/28/1995,EC1,1,CHI,CHH,W (+8),47,18,32,0.563,1,4,0.25,11,11,1,1,8,9,8,1,1,3,48,39.8,
Jordan,2,4/30/1995,EC1,2,CHI,CHH,L (-17),40,13,25,0.52,3,6,0.5,3,6,0.5,3,4,7,7,0,0,5,32,19.7,
Jordan,3,5/2/1995,EC1,3,CHI,CHH,W (+23),38,9,19,0.474,1,2,0.5,6,7,0.857,2,4,6,3,4,2,6,25,17.8,
Jordan,4,5/4/1995,EC1,4,CHI,CHH,W (+1),41,8,21,0.381,3,5,0.6,5,6,0.833,1,3,4,5,3,0,3,24,15.6,
Jordan,5,5/7/1995,ECS,1,CHI,ORL,L (-3),40,8,22,0.364,0,2,0,3,5,0.6,2,3,5,3,1,0,8,19,2.6,
Jordan,6,5/10/1995,ECS,2,CHI,ORL,W (+10),43,17,30,0.567,1,1,1,3,8,0.375,3,4,7,3,4,4,2,38,30.4,
Jordan,7,5/12/1995,ECS,3,CHI,ORL,L (-9),43,15,31,0.484,0,3,0,10,10,1,4,3,7,4,0,1,4,40,26.3,
Jordan,8,5/14/1995,ECS,4,CHI,ORL,W (+11),44,9,21,0.429,0,1,0,8,8,1,2,5,7,3,4,0,4,26,19.1,
Jordan,9,5/16/1995,ECS,5,CHI,ORL,L (-8),45,15,28,0.536,1,4,0.25,8,8,1,0,4,4,2,2,2,0,39,31,
Jordan,10,5/18/1995,ECS,6,CHI,ORL,L (-6),39,8,19,0.421,1,2,0.5,7,10,0.7,2,7,9,7,4,4,6,24,19.9,
Jordan,1,4/26/1996,EC1,1,CHI,MIA,W (+17),38,13,22,0.591,0,1,0,9,12,0.75,2,2,4,2,1,1,4,35,22.7,
Jordan,2,4/28/1996,EC1,2,CHI,MIA,W (+31),32,9,17,0.529,2,3,0.667,9,12,0.75,0,4,4,4,1,0,0,29,24.5,
Jordan,3,5/1/1996,EC1,3,CHI,MIA,W (+21),33,10,23,0.435,3,6,0.5,3,3,1,1,2,3,2,3,0,0,26,19.6,
Jordan,4,5/5/1996,ECS,1,CHI,NYK,W (+7),41,17,35,0.486,1,5,0.2,9,9,1,1,4,5,2,0,0,1,44,27,
Jordan,5,5/7/1996,ECS,2,CHI,NYK,W (+11),40,11,25,0.44,1,3,0.333,5,5,1,3,2,5,5,3,0,2,28,22.1,
Jordan,6,5/11/1996,ECS,3,CHI,NYK,L (-3),51,17,35,0.486,2,5,0.4,10,13,0.769,3,1,4,2,2,0,4,46,28.1,
Jordan,7,5/12/1996,ECS,4,CHI,NYK,W (+3),40,7,23,0.304,2,7,0.286,11,13,0.846,2,6,8,8,2,1,0,27,22.4,
Jordan,8,5/14/1996,ECS,5,CHI,NYK,W (+13),43,13,29,0.448,1,2,0.5,8,9,0.889,1,1,2,5,2,0,2,35,22,
Jordan,9,5/19/1996,ECF,1,CHI,ORL,W (+38),37,9,17,0.529,1,2,0.5,2,3,0.667,2,5,7,4,2,0,3,21,15.8,
Jordan,10,5/21/1996,ECF,2,CHI,ORL,W (+5),43,9,21,0.429,2,4,0.5,15,16,0.938,1,4,5,6,4,1,2,35,31.5,
Jordan,11,5/25/1996,ECF,3,CHI,ORL,W (+19),39,5,14,0.357,1,1,1,6,11,0.545,3,4,7,4,2,1,2,17,13.6,
Jordan,12,5/27/1996,ECF,4,CHI,ORL,W (+5),44,16,23,0.696,3,4,0.75,10,14,0.714,2,1,3,5,1,1,4,45,34.6,
Jordan,13,6/5/1996,FIN,1,CHI,SEA,W (+17),41,9,18,0.5,1,4,0.25,9,10,0.9,0,7,7,2,2,1,2,28,21.2,
Jordan,14,6/7/1996,FIN,2,CHI,SEA,W (+4),43,9,22,0.409,1,2,0.5,10,16,0.625,2,4,6,8,2,0,2,29,21.8,
Jordan,15,6/9/1996,FIN,3,CHI,SEA,W (+22),41,11,23,0.478,3,4,0.75,11,11,1,2,1,3,5,2,0,3,36,28.1,
Jordan,16,6/12/1996,FIN,4,CHI,SEA,L (-21),41,6,19,0.316,0,2,0,11,13,0.846,1,2,3,2,1,0,4,23,9.8,
Jordan,17,6/14/1996,FIN,5,CHI,SEA,L (-11),43,11,22,0.5,0,4,0,4,5,0.8,2,2,4,1,1,0,2,26,15.1,
Jordan,18,6/16/1996,FIN,6,CHI,SEA,W (+12),43,5,19,0.263,1,3,0.333,11,12,0.917,3,6,9,7,2,0,5,22,14.9,
Jordan,1,4/25/1997,EC1,1,CHI,WSB,W (+12),42,12,25,0.48,0,1,0,5,5,1,0,8,8,8,2,0,3,29,21.3,
Jordan,2,4/27/1997,EC1,2,CHI,WSB,W (+5),44,22,35,0.629,1,2,0.5,10,10,1,3,4,7,2,2,0,2,55,42.8,
Jordan,3,4/30/1997,EC1,3,CHI,WSB,W (+1),43,14,24,0.583,0,5,0,0,0,,1,1,2,6,0,1,2,28,19.9,
Jordan,4,5/6/1997,ECS,1,CHI,ATL,W (+3),44,13,25,0.52,1,3,0.333,7,10,0.7,3,8,11,6,4,3,3,34,31.1,
Jordan,5,5/8/1997,ECS,2,CHI,ATL,L (-8),45,12,29,0.414,0,6,0,3,3,1,6,10,16,6,0,1,1,27,21.8,
Jordan,6,5/10/1997,ECS,3,CHI,ATL,W (+20),38,8,20,0.4,0,1,0,5,5,1,3,6,9,3,2,2,5,21,13.4,
Jordan,7,5/11/1997,ECS,4,CHI,ATL,W (+9),43,12,22,0.545,0,2,0,3,5,0.6,2,6,8,4,2,1,5,27,18.9,
Jordan,8,5/13/1997,ECS,5,CHI,ATL,W (+15),40,9,23,0.391,1,5,0.2,5,5,1,2,5,7,7,2,0,2,24,19.3,
Jordan,9,5/20/1997,ECF,1,CHI,MIA,W (+7),42,15,31,0.484,0,2,0,7,10,0.7,3,6,9,3,1,1,2,37,24.6,
Jordan,10,5/22/1997,ECF,2,CHI,MIA,W (+7),43,4,15,0.267,0,1,0,15,16,0.938,2,7,9,3,4,1,2,23,21.6,
Jordan,11,5/24/1997,ECF,3,CHI,MIA,W (+24),36,14,25,0.56,1,2,0.5,5,5,1,3,5,8,1,1,0,3,34,23.2,
Jordan,12,5/26/1997,ECF,4,CHI,MIA,L (-7),45,9,35,0.257,0,8,0,11,13,0.846,4,4,8,1,1,0,2,29,10.2,
Jordan,13,5/28/1997,ECF,5,CHI,MIA,W (+13),43,11,31,0.355,1,4,0.25,5,6,0.833,1,5,6,5,2,2,4,28,13.8,
Jordan,14,6/1/1997,FIN,1,CHI,UTA,W (+2),41,13,27,0.481,0,0,,5,7,0.714,1,3,4,8,0,1,0,31,23.2,
Jordan,15,6/4/1997,FIN,2,CHI,UTA,W (+12),45,11,20,0.55,1,2,0.5,15,21,0.714,4,9,13,9,2,0,5,38,34,
Jordan,16,6/6/1997,FIN,3,CHI,UTA,L (-11),41,9,22,0.409,4,10,0.4,4,5,0.8,0,3,3,6,1,2,1,26,19.9,
Jordan,17,6/8/1997,FIN,4,CHI,UTA,L (-5),42,11,27,0.407,0,4,0,0,0,,1,3,4,4,0,0,3,22,7.7,
Jordan,18,6/11/1997,FIN,5,CHI,UTA,W (+2),44,13,27,0.481,2,5,0.4,10,12,0.833,2,5,7,5,3,1,3,38,29.4,
Jordan,19,6/13/1997,FIN,6,CHI,UTA,W (+4),44,15,35,0.429,1,4,0.25,8,10,0.8,1,10,11,4,1,1,1,39,26.1,
Jordan,1,4/24/1998,EC1,1,CHI,NJN,W (+3),47,11,27,0.407,0,2,0,17,23,0.739,0,7,7,3,1,1,3,39,24.6,
Jordan,2,4/26/1998,EC1,2,CHI,NJN,W (+5),39,9,19,0.474,0,0,,14,17,0.824,1,3,4,2,1,1,5,32,20,
Jordan,3,4/29/1998,EC1,3,CHI,NJN,W (+15),44,16,22,0.727,2,2,1,4,5,0.8,2,2,4,3,2,1,2,38,32.6,
Jordan,4,5/3/1998,ECS,1,CHI,CHH,W (+13),44,11,26,0.423,1,3,0.333,12,14,0.857,4,7,11,4,1,1,3,35,26.8,
Jordan,5,5/6/1998,ECS,2,CHI,CHH,L (-2),40,10,21,0.476,0,3,0,2,3,0.667,1,4,5,6,0,0,0,22,16.2,
Jordan,6,5/8/1998,ECS,3,CHI,CHH,W (+14),39,9,20,0.45,0,1,0,9,10,0.9,3,2,5,6,1,0,3,27,19.9,
Jordan,7,5/10/1998,ECS,4,CHI,CHH,W (+14),40,14,31,0.452,0,1,0,3,3,1,0,3,3,4,1,0,2,31,17.2,
Jordan,8,5/13/1998,ECS,5,CHI,CHH,W (+9),42,15,29,0.517,0,3,0,3,4,0.75,1,3,4,3,2,1,0,33,23.5,
Jordan,9,5/17/1998,ECF,1,CHI,IND,W (+6),41,11,28,0.393,0,0,,9,10,0.9,2,4,6,1,5,0,1,31,22.3,
Jordan,10,5/19/1998,ECF,2,CHI,IND,W (+6),42,13,22,0.591,0,1,0,15,18,0.833,0,4,4,5,4,0,0,41,37.1,
Jordan,11,5/23/1998,ECF,3,CHI,IND,L (-2),44,9,22,0.409,2,3,0.667,10,12,0.833,1,3,4,7,1,0,5,30,18.7,
Jordan,12,5/25/1998,ECF,4,CHI,IND,L (-2),41,12,27,0.444,1,3,0.333,3,4,0.75,2,3,5,2,0,2,6,28,11,
Jordan,13,5/27/1998,ECF,5,CHI,IND,W (+19),36,12,20,0.6,2,4,0.5,3,4,0.75,1,6,7,4,1,1,0,29,25.6,
Jordan,14,5/29/1998,ECF,6,CHI,IND,L (-3),42,12,23,0.522,1,4,0.25,10,11,0.909,1,4,5,2,1,0,3,35,23,
Jordan,15,5/31/1998,ECF,7,CHI,IND,W (+5),42,9,25,0.36,0,0,,10,15,0.667,5,4,9,8,0,0,2,28,19.2,
Jordan,16,6/3/1998,FIN,1,CHI,UTA,L (-3),46,13,29,0.448,1,2,0.5,6,8,0.75,1,2,3,2,0,2,0,33,20,
Jordan,17,6/5/1998,FIN,2,CHI,UTA,W (+5),40,14,33,0.424,0,2,0,9,10,0.9,3,2,5,3,1,1,0,37,24.8,
Jordan,18,6/7/1998,FIN,3,CHI,UTA,W (+42),32,7,14,0.5,0,0,,10,11,0.909,1,2,3,2,1,1,2,24,18.6,
Jordan,19,6/10/1998,FIN,4,CHI,UTA,W (+4),43,12,27,0.444,0,0,,10,15,0.667,3,5,8,2,2,0,3,34,21.5,
Jordan,20,6/12/1998,FIN,5,CHI,UTA,L (-2),45,9,26,0.346,0,2,0,10,11,0.909,1,3,4,4,3,0,4,28,14.8,
Jordan,21,6/14/1998,FIN,6,CHI,UTA,W (+1),44,15,35,0.429,3,7,0.429,12,15,0.8,0,1,1,1,4,0,1,45,28.5,
